RESUMEN DE CONTROL TIENDAS Y MARCAS EJE CAFETERO ABRIL 2026,,,,,,,,
,,,,,,,,
PROVEEDOR,ALPINA,,,,,,,
CIUDAD,PEREIRA,,,,,,,
,,,,,,,,
Zona,Vendedor, Presupuesto,VENTAS NETAS, PROYECTADO $,% PROYECTADO,CAMBIOS %,# FACTURAS,
E7001,," $ 15,718,970 "," $ 7,398,814 "," $ 7,398,814 ",47.1%,0.00%,42,
M9450,," $ 52,875,518 "," $ 58,415,934 "," $ 58,415,934 ",110.5%,1.72%,28,
M9451,," $ 60,284,852 "," $ 63,920,713 "," $ 63,920,713 ",106.0%,1.46%,62,
M9453,," $ 122,322,227 "," $ 99,110,239 "," $ 99,110,239 ",81.0%,1.91%,987,
M9454,," $ 127,741,607 "," $ 121,300,406 "," $ 121,300,406 ",95.0%,2.05%,1051,
M9455,," $ 132,916,601 "," $ 109,919,965 "," $ 109,919,965 ",82.7%,1.82%,1200,
M9456,," $ 98,461,006 "," $ 103,163,070 "," $ 103,163,070 ",104.8%,1.20%,1137,
M9457,," $ 109,101,932 "," $ 113,175,070 "," $ 113,175,070 ",103.7%,1.49%,1118,
M9458,," $ 97,290,771 "," $ 108,797,517 "," $ 108,797,517 ",111.8%,1.24%,1099,
M9459,," $ 138,264,192 "," $ 121,575,823 "," $ 121,575,823 ",87.9%,1.59%,1184,
M9460,," $ 144,798,907 "," $ 147,130,693 "," $ 147,130,693 ",101.6%,1.35%,1251,
M9461,," $ 119,740,612 "," $ 121,376,498 "," $ 121,376,498 ",101.4%,0.74%,1117,
P7004,," $ 147,442,404 "," $ 129,895,440 "," $ 129,895,440 ",88.1%,1.59%,1088,
P7005,," $ 108,916,800 "," $ 108,895,826 "," $ 108,895,826 ",100.0%,1.31%,759,
P7006,," $ 142,737,629 "," $ 152,620,986 "," $ 152,620,986 ",106.9%,1.07%,933,
P7007,," $ 159,379,696 "," $ 162,732,512 "," $ 162,732,512 ",102.1%,1.24%,1177,
Total general,," $ 1,777,993,724 "," $ 1,729,429,506 "," $ 1,729,429,506 ",97.3%,1.42%,14233,
,,,,,,,,
,,,,,,,,
,,,,,,,,
,,,,,,,,
,,,,,,,,
,,,,,,,,
,,,,,,,,
,,,,,,,,
,,,,,,,,
,,,,,,,,
,,,,,,,,
,,,,,,,,
,,,,,,,,
,,,,,,,,
,,,,,,,,
,,,,,,,,
,,,,,,,,
,,,,,,,,
,,,,,,,,
,,,,,,,,
,,,,,,,,
,,,,,,,,
,,,,,,,,
,,,,,,,,
,,,,,,,,
,,,,,,,,
,,,,,,,,
,,,,,,,,
,,,,,,,,
,,,,,,,,
,,,,,,,,
,,,,,,,,
,,,,,,,,
,,,,,,,,
,,,,,,,,
,,,,,,,,
,,,,,,,,
,,,,,,,,
,,,,,,,,
,,,,,,,,
,,,,,,,,
,,,,,,,,
,,,,,,,,
,,,,,,,,
,,,,,,,,
,,,,,,,,
,,,,,,,,
,,,,,,,,
,,,,,,,,
,,,,,,,,
,,,,,,,,
,,,,,,,,
,,,,,,,,
,,,,,,,,
,,,,,,,,
,,,,,,,,
,,,,,,,,
,,,,,,,,
,,,,,,,,
,,,,,,,,
,,,,,,,,
,,,,,,,,
,,,,,,,,
,,,,,,,,
,,,,,,,,
,,,,,,,,
,,,,,,,,
,,,,,,,,
,,,,,,,,
,,,,,,,,
,,,,,,,,
,,,,,,,,
,,,,,,,,
,,,,,,,,
,,,,,,,,
,,,,,,,,
,,,,,,,,
,,,,,,,,
,,,,,,,,
,,,,,,,,
,,,,,,,,
,,,,,,,,
,,,,,,,,
,,,,,,,,
,,,,,,,,
,,,,,,,,
,,,,,,,,
,,,,,,,,
,,,,,,,,
,,,,,,,,
,,,,,,,,
,,,,,,,,
,,,,,,,,
,,,,,,,,
,,,,,,,,
,,,,,,,,
,,,,,,,,
,,,,,,,,
,,,,,,,,
,,,,,,,,
,,,,,,,,
,,,,,,,,
,,,,,,,,
,,,,,,,,
,,,,,,,,
,,,,,,,,
